{
    "value0": {
        "Name": "Scene0",
        "m_GameObjects": [
            {
                "ptr_wrapper": {
                    "valid": 1,
                    "data": {
                        "Name": "Nanosuit",
                        "m_Id": 13195823293891745935,
                        "IsActive": true,
                        "Transform": {
                            "m_Trs": {
                                "Array Row Major": {
                                    "value0": -0.09968167543411255,
                                    "value1": 0.0,
                                    "value2": 0.007973063737154007,
                                    "value3": 0.0,
                                    "value4": 0.0,
                                    "value5": 0.10000000149011612,
                                    "value6": 0.0,
                                    "value7": 0.0,
                                    "value8": -0.007973063737154007,
                                    "value9": 0.0,
                                    "value10": -0.09968167543411255,
                                    "value11": 0.0,
                                    "value12": -2.423971068310493e-7,
                                    "value13": -1.1160813570022584,
                                    "value14": 1.517024278640747,
                                    "value15": 1.0
                                }
                            },
                            "m_Rotation": {
                                "X": 0.0,
                                "Y": 0.9992038607597351,
                                "Z": 0.0,
                                "W": 0.03989708051085472
                            },
                            "m_Position": {
                                "X": -2.423971068310493e-7,
                                "Y": -1.1160813570022584,
                                "Z": 1.517024278640747
                            },
                            "m_Scale": {
                                "X": 0.10000000149011612,
                                "Y": 0.10000000149011612,
                                "Z": 0.10000000149011612
                            },
                            "m_Level": 0,
                            "m_HasChanged": false,
                            "m_ParentId": 0
                        },
                        "m_Components": [
                            {
                                "polymorphic_id": 2147483649,
                                "polymorphic_name": "MeshRenderer",
                                "ptr_wrapper": {
                                    "valid": 1,
                                    "data": {
                                        "m_Name": "nanosuit"
                                    }
                                }
                            }
                        ]
                    }
                }
            },
            {
                "ptr_wrapper": {
                    "valid": 1,
                    "data": {
                        "Name": "Camera",
                        "m_Id": 17913755919818615105,
                        "IsActive": true,
                        "Transform": {
                            "m_Trs": {
                                "Array Row Major": {
                                    "value0": 1.0,
                                    "value1": 0.0,
                                    "value2": 0.0,
                                    "value3": 0.0,
                                    "value4": 0.0,
                                    "value5": 1.0,
                                    "value6": 0.0,
                                    "value7": 0.0,
                                    "value8": 0.0,
                                    "value9": 0.0,
                                    "value10": 1.0,
                                    "value11": 0.0,
                                    "value12": 0.0,
                                    "value13": 0.0,
                                    "value14": 0.0,
                                    "value15": 1.0
                                }
                            },
                            "m_Rotation": {
                                "X": 0.0,
                                "Y": 0.0,
                                "Z": 0.0,
                                "W": 1.0
                            },
                            "m_Position": {
                                "X": 0.0,
                                "Y": 0.0,
                                "Z": 0.0
                            },
                            "m_Scale": {
                                "X": 1.0,
                                "Y": 1.0,
                                "Z": 1.0
                            },
                            "m_Level": 0,
                            "m_HasChanged": false,
                            "m_ParentId": 0
                        },
                        "m_Components": [
                            {
                                "polymorphic_id": 2147483650,
                                "polymorphic_name": "Camera",
                                "ptr_wrapper": {
                                    "valid": 1,
                                    "data": {
                                        "Depth": 0,
                                        "Fov": 60.0,
                                        "Near": 0.003000000026077032,
                                        "Far": 1000.0,
                                        "OrthoSize": 10.0,
                                        "Flag": 0,
                                        "ProjectionType": 0,
                                        "Projection": {
                                            "Array Row Major": {
                                                "value0": 1.154700517654419,
                                                "value1": 0.0,
                                                "value2": 0.0,
                                                "value3": 0.0,
                                                "value4": 0.0,
                                                "value5": 1.732050895690918,
                                                "value6": 0.0,
                                                "value7": 0.0,
                                                "value8": 0.0,
                                                "value9": 0.0,
                                                "value10": -1.0000059604644776,
                                                "value11": -1.0,
                                                "value12": 0.0,
                                                "value13": 0.0,
                                                "value14": -0.006000017747282982,
                                                "value15": 0.0
                                            }
                                        },
                                        "View": {
                                            "Array Row Major": {
                                                "value0": -1.0,
                                                "value1": 0.0,
                                                "value2": 0.0,
                                                "value3": 0.0,
                                                "value4": 0.0,
                                                "value5": 1.0,
                                                "value6": 0.0,
                                                "value7": 0.0,
                                                "value8": 0.0,
                                                "value9": 0.0,
                                                "value10": -1.0,
                                                "value11": 0.0,